{"v":"5.5.2","fr":50,"ip":0,"op":170,"w":500,"h":500,"nm":"Maps","ddd":0,"assets":[],"layers":[{"ddd":0,"ind":1,"ty":4,"nm":"Maps Outlines - Group 1","parent":2,"sr":1,"ks":{"o":{"a":0,"k":100,"ix":11},"r":{"a":0,"k":0,"ix":10},"p":{"a":0,"k":[50,41.435,0],"ix":2},"a":{"a":0,"k":[50,41.435,0],"ix":1},"s":{"a":0,"k":[100.4,100.4,100],"ix":6}},"ao":0,"shapes":[{"ty":"gr","it":[{"ind":0,"ty":"sh","ix":1,"ks":{"a":0,"k":{"i":[[0,4.019],[4.018,0],[0,-4.018],[-4.018,0]],"o":[[0,-4.018],[-4.018,0],[0,4.019],[4.018,0]],"v":[[7.275,-0.001],[0.001,-7.275],[-7.275,-0.001],[0.001,7.275]],"c":true},"ix":2},"nm":"Path 1","mn":"ADBE Vector Shape - Group","hd":false},{"ty":"fl","c":{"a":0,"k":[1,1,1,1],"ix":4},"o":{"a":0,"k":100,"ix":5},"r":1,"bm":0,"nm":"Fill 1","mn":"ADBE Vector Graphic - Fill","hd":false},{"ty":"tr","p":{"a":0,"k":[50,41.435],"ix":2},"a":{"a":0,"k":[0,0],"ix":1},"s":{"a":0,"k":[100,100],"ix":3},"r":{"a":0,"k":0,"ix":6},"o":{"a":0,"k":100,"ix":7},"sk":{"a":0,"k":0,"ix":4},"sa":{"a":0,"k":0,"ix":5},"nm":"Transform"}],"nm":"Group 1","np":2,"cix":2,"bm":0,"ix":1,"mn":"ADBE Vector Group","hd":false}],"ip":0,"op":170,"st":0,"bm":0},{"ddd":0,"ind":2,"ty":4,"nm":"Maps Outlines - Group 2","sr":1,"ks":{"o":{"a":0,"k":100,"ix":11},"r":{"a":1,"k":[{"i":{"x":[0.255],"y":[1.309]},"o":{"x":[0.562],"y":[0]},"t":0,"s":[-29]},{"t":20,"s":[0],"h":1},{"i":{"x":[0.985],"y":[-0.553]},"o":{"x":[0.015],"y":[0.869]},"t":101,"s":[0]},{"t":135,"s":[34]}],"ix":10},"p":{"a":0,"k":[249.998,246.5,0],"ix":2},"a":{"a":0,"k":[50,49.3,0],"ix":1},"s":{"a":1,"k":[{"i":{"x":[0.418,0.418,0.667],"y":[1.358,1.358,1]},"o":{"x":[0.333,0.333,0.333],"y":[0,0,0]},"t":0,"s":[373,373,100]},{"i":{"x":[0.418,0.418,0.667],"y":[1,1,1]},"o":{"x":[0.333,0.333,0.333],"y":[0,0,0]},"t":20,"s":[500,500,100]},{"i":{"x":[0.467,0.467,0.667],"y":[1,1,1]},"o":{"x":[0.574,0.574,0.333],"y":[-0.572,-0.572,0]},"t":101,"s":[500,500,100]},{"t":135,"s":[373,373,100]}],"ix":6}},"ao":0,"shapes":[{"ty":"gr","it":[{"ind":0,"ty":"sh","ix":1,"ks":{"a":0,"k":{"i":[[6.33,-9.906],[2.467,0],[3.864,5.96],[1.069,1.397],[1.973,4.358],[0,3.576],[-2.753,3.288],[-5.796,0],[-1.808,-0.576],[-2.302,-4.44],[0,-3.166]],"o":[[-3.864,5.96],[-2.466,0],[-1.069,-1.645],[-3.37,-4.398],[-1.192,-2.589],[0,-4.604],[3.494,-4.152],[2.014,0],[4.809,1.521],[1.356,2.63],[0,11.509]],"v":[[5.303,17.332],[0.041,26.868],[-5.22,17.373],[-8.468,12.728],[-17.099,0.437],[-18.99,-8.605],[-14.551,-20.772],[-0.041,-27.555],[5.755,-26.65],[16.853,-17.319],[18.991,-8.564]],"c":true},"ix":2},"nm":"Path 1","mn":"ADBE Vector Shape - Group","hd":false},{"ind":1,"ty":"sh","ix":2,"ks":{"a":0,"k":{"i":[[6.6,0],[0,0],[0,-6.6],[0,0],[-6.6,0],[0,0],[0,6.599],[0,0]],"o":[[0,0],[-6.6,0],[0,0],[0,6.599],[0,0],[6.6,0],[0,0],[0,-6.6]],"v":[[24.326,-37.174],[-24.326,-37.174],[-36.326,-25.174],[-36.326,23.774],[-24.326,35.774],[24.326,35.774],[36.326,23.774],[36.326,-25.174]],"c":true},"ix":2},"nm":"Path 2","mn":"ADBE Vector Shape - Group","hd":false},{"ty":"mm","mm":1,"nm":"Merge Paths 1","mn":"ADBE Vector Filter - Merge","hd":false},{"ty":"fl","c":{"a":0,"k":[1,1,1,1],"ix":4},"o":{"a":0,"k":100,"ix":5},"r":1,"bm":0,"nm":"Fill 1","mn":"ADBE Vector Graphic - Fill","hd":false},{"ty":"tr","p":{"a":0,"k":[50,50],"ix":2},"a":{"a":0,"k":[0,0],"ix":1},"s":{"a":0,"k":[100,100],"ix":3},"r":{"a":0,"k":0,"ix":6},"o":{"a":0,"k":100,"ix":7},"sk":{"a":0,"k":0,"ix":4},"sa":{"a":0,"k":0,"ix":5},"nm":"Transform"}],"nm":"Group 2","np":4,"cix":2,"bm":0,"ix":1,"mn":"ADBE Vector Group","hd":false}],"ip":0,"op":170,"st":0,"bm":0},{"ddd":0,"ind":3,"ty":4,"nm":"Blu2","parent":2,"sr":1,"ks":{"o":{"a":0,"k":100,"ix":11},"r":{"a":0,"k":0,"ix":10},"p":{"a":0,"k":[44.45,25.35,0],"ix":2},"a":{"a":0,"k":[-3.75,97,0],"ix":1},"s":{"a":0,"k":[20,20,100],"ix":6}},"ao":0,"shapes":[{"ty":"gr","it":[{"ind":0,"ty":"sh","ix":1,"ks":{"a":0,"k":{"i":[[0,0],[0,0]],"o":[[0,0],[0,0]],"v":[[23.5,63.75],[-32,130.25]],"c":false},"ix":2},"nm":"Path 2","mn":"ADBE Vector Shape - Group","hd":false},{"ty":"st","c":{"a":0,"k":[0.101960784314,0.450980392157,0.909803921569,1],"ix":3},"o":{"a":0,"k":100,"ix":4},"w":{"a":0,"k":73.2,"ix":5},"lc":1,"lj":1,"ml":4,"bm":0,"nm":"Stroke 1","mn":"ADBE Vector Graphic - Stroke","hd":false},{"ty":"tr","p":{"a":0,"k":[0.5,0],"ix":2},"a":{"a":0,"k":[0,0],"ix":1},"s":{"a":0,"k":[100,100],"ix":3},"r":{"a":0,"k":0,"ix":6},"o":{"a":0,"k":100,"ix":7},"sk":{"a":0,"k":0,"ix":4},"sa":{"a":0,"k":0,"ix":5},"nm":"Transform"}],"nm":"Shape 1","np":2,"cix":2,"bm":0,"ix":1,"mn":"ADBE Vector Group","hd":false},{"ty":"tm","s":{"a":1,"k":[{"i":{"x":[0.345],"y":[1]},"o":{"x":[0.187],"y":[0]},"t":16,"s":[100]},{"i":{"x":[0.345],"y":[1]},"o":{"x":[0.333],"y":[0]},"t":30,"s":[0]},{"i":{"x":[0.833],"y":[1]},"o":{"x":[0.333],"y":[0]},"t":101,"s":[0]},{"t":118,"s":[100]}],"ix":1},"e":{"a":0,"k":100,"ix":2},"o":{"a":0,"k":0,"ix":3},"m":1,"ix":2,"nm":"Trim Paths 1","mn":"ADBE Vector Filter - Trim","hd":false}],"ip":0,"op":170,"st":0,"bm":0},{"ddd":0,"ind":4,"ty":4,"nm":"Red","parent":2,"sr":1,"ks":{"o":{"a":0,"k":100,"ix":11},"r":{"a":0,"k":0,"ix":10},"p":{"a":0,"k":[11.35,46.35,0],"ix":2},"a":{"a":0,"k":[0,0,0],"ix":1},"s":{"a":0,"k":[20,20,100],"ix":6}},"ao":0,"shapes":[{"ty":"gr","it":[{"ind":0,"ty":"sh","ix":1,"ks":{"a":0,"k":{"i":[[0,0],[0,0]],"o":[[0,0],[0,0]],"v":[[-32,130.25],[137.5,-71.75]],"c":false},"ix":2},"nm":"Path 2","mn":"ADBE Vector Shape - Group","hd":false},{"ty":"st","c":{"a":0,"k":[0.917647058824,0.262745098039,0.207843137255,1],"ix":3},"o":{"a":0,"k":100,"ix":4},"w":{"a":0,"k":73.2,"ix":5},"lc":1,"lj":1,"ml":4,"bm":0,"nm":"Stroke 1","mn":"ADBE Vector Graphic - Stroke","hd":false},{"ty":"tr","p":{"a":0,"k":[0.5,0],"ix":2},"a":{"a":0,"k":[0,0],"ix":1},"s":{"a":0,"k":[100,100],"ix":3},"r":{"a":0,"k":0,"ix":6},"o":{"a":0,"k":100,"ix":7},"sk":{"a":0,"k":0,"ix":4},"sa":{"a":0,"k":0,"ix":5},"nm":"Transform"}],"nm":"Shape 1","np":2,"cix":2,"bm":0,"ix":1,"mn":"ADBE Vector Group","hd":false},{"ty":"tm","s":{"a":0,"k":46,"ix":1},"e":{"a":1,"k":[{"i":{"x":[0.667],"y":[1]},"o":{"x":[0.333],"y":[0]},"t":0,"s":[61]},{"i":{"x":[0.667],"y":[1]},"o":{"x":[0.167],"y":[0]},"t":16,"s":[100]},{"i":{"x":[0.833],"y":[1]},"o":{"x":[0.167],"y":[0]},"t":118,"s":[100]},{"t":135,"s":[61]}],"ix":2},"o":{"a":0,"k":0,"ix":3},"m":1,"ix":2,"nm":"Trim Paths 1","mn":"ADBE Vector Filter - Trim","hd":false}],"ip":0,"op":170,"st":0,"bm":0},{"ddd":0,"ind":5,"ty":4,"nm":"Blu1","parent":2,"sr":1,"ks":{"o":{"a":0,"k":100,"ix":11},"r":{"a":0,"k":0,"ix":10},"p":{"a":0,"k":[55.975,15.7,0],"ix":2},"a":{"a":0,"k":[0,0,0],"ix":1},"s":{"a":0,"k":[20,20,100],"ix":6}},"ao":0,"shapes":[{"ty":"gr","it":[{"ind":0,"ty":"sh","ix":1,"ks":{"a":0,"k":{"i":[[0,0],[0,0]],"o":[[0,0],[0,0]],"v":[[69.25,9.75],[-32,130.25]],"c":false},"ix":2},"nm":"Path 2","mn":"ADBE Vector Shape - Group","hd":false},{"ty":"st","c":{"a":0,"k":[0.258823529412,0.521568627451,0.956862745098,1],"ix":3},"o":{"a":0,"k":100,"ix":4},"w":{"a":0,"k":73.2,"ix":5},"lc":1,"lj":1,"ml":4,"bm":0,"nm":"Stroke 1","mn":"ADBE Vector Graphic - Stroke","hd":false},{"ty":"tr","p":{"a":0,"k":[0.5,0],"ix":2},"a":{"a":0,"k":[0,0],"ix":1},"s":{"a":0,"k":[100,100],"ix":3},"r":{"a":0,"k":0,"ix":6},"o":{"a":0,"k":100,"ix":7},"sk":{"a":0,"k":0,"ix":4},"sa":{"a":0,"k":0,"ix":5},"nm":"Transform"}],"nm":"Shape 1","np":2,"cix":2,"bm":0,"ix":1,"mn":"ADBE Vector Group","hd":false},{"ty":"tm","s":{"a":1,"k":[{"i":{"x":[0.256],"y":[1]},"o":{"x":[0.602],"y":[0]},"t":0,"s":[35]},{"i":{"x":[0.256],"y":[1]},"o":{"x":[0.333],"y":[0]},"t":30,"s":[100]},{"i":{"x":[0.833],"y":[1]},"o":{"x":[0.333],"y":[0]},"t":101,"s":[100]},{"t":135,"s":[35]}],"ix":1},"e":{"a":0,"k":0,"ix":2},"o":{"a":0,"k":0,"ix":3},"m":1,"ix":2,"nm":"Trim Paths 1","mn":"ADBE Vector Filter - Trim","hd":false}],"ip":0,"op":170,"st":0,"bm":0},{"ddd":0,"ind":6,"ty":4,"nm":"Yel","parent":2,"sr":1,"ks":{"o":{"a":0,"k":100,"ix":11},"r":{"a":0,"k":0,"ix":10},"p":{"a":0,"k":[22.75,55.4,0],"ix":2},"a":{"a":0,"k":[0,0,0],"ix":1},"s":{"a":0,"k":[20,20,100],"ix":6}},"ao":0,"shapes":[{"ty":"gr","it":[{"ind":0,"ty":"sh","ix":1,"ks":{"a":0,"k":{"i":[[0,0],[0,0]],"o":[[0,0],[0,0]],"v":[[18,71.25],[137.5,-71.75]],"c":false},"ix":2},"nm":"Path 1","mn":"ADBE Vector Shape - Group","hd":false},{"ty":"st","c":{"a":0,"k":[0.98431372549,0.737254901961,0.01568627451,1],"ix":3},"o":{"a":0,"k":100,"ix":4},"w":{"a":0,"k":73.2,"ix":5},"lc":1,"lj":1,"ml":4,"bm":0,"nm":"Stroke 1","mn":"ADBE Vector Graphic - Stroke","hd":false},{"ty":"tr","p":{"a":0,"k":[0.5,0],"ix":2},"a":{"a":0,"k":[0,0],"ix":1},"s":{"a":0,"k":[100,100],"ix":3},"r":{"a":0,"k":0,"ix":6},"o":{"a":0,"k":100,"ix":7},"sk":{"a":0,"k":0,"ix":4},"sa":{"a":0,"k":0,"ix":5},"nm":"Transform"}],"nm":"Shape 1","np":2,"cix":2,"bm":0,"ix":1,"mn":"ADBE Vector Group","hd":false},{"ty":"tm","s":{"a":1,"k":[{"i":{"x":[0.549],"y":[1]},"o":{"x":[0.844],"y":[0]},"t":0,"s":[37]},{"i":{"x":[0.549],"y":[1]},"o":{"x":[0.333],"y":[0]},"t":30,"s":[95]},{"i":{"x":[0.833],"y":[1]},"o":{"x":[0.333],"y":[0]},"t":101,"s":[95]},{"t":135,"s":[37]}],"ix":1},"e":{"a":0,"k":28,"ix":2},"o":{"a":0,"k":0,"ix":3},"m":1,"ix":2,"nm":"Trim Paths 1","mn":"ADBE Vector Filter - Trim","hd":false}],"ip":0,"op":170,"st":0,"bm":0},{"ddd":0,"ind":7,"ty":4,"nm":"Green","parent":2,"sr":1,"ks":{"o":{"a":0,"k":100,"ix":11},"r":{"a":0,"k":0,"ix":10},"p":{"a":0,"k":[50,50,0],"ix":2},"a":{"a":0,"k":[0,0,0],"ix":1},"s":{"a":0,"k":[20,20,100],"ix":6}},"ao":0,"shapes":[{"ty":"gr","it":[{"ind":0,"ty":"sh","ix":1,"ks":{"a":0,"k":{"i":[[0,0],[0,0]],"o":[[0,0],[0,0]],"v":[[-39.5,129],[130,-73]],"c":false},"ix":2},"nm":"Path 1","mn":"ADBE Vector Shape - Group","hd":false},{"ty":"st","c":{"a":0,"k":[0.203921568627,0.658823529412,0.325490196078,1],"ix":3},"o":{"a":0,"k":100,"ix":4},"w":{"a":0,"k":88,"ix":5},"lc":1,"lj":1,"ml":4,"bm":0,"nm":"Stroke 1","mn":"ADBE Vector Graphic - Stroke","hd":false},{"ty":"tr","p":{"a":0,"k":[0,0],"ix":2},"a":{"a":0,"k":[0,0],"ix":1},"s":{"a":0,"k":[100,100],"ix":3},"r":{"a":0,"k":0,"ix":6},"o":{"a":0,"k":100,"ix":7},"sk":{"a":0,"k":0,"ix":4},"sa":{"a":0,"k":0,"ix":5},"nm":"Transform"}],"nm":"Shape 1","np":2,"cix":2,"bm":0,"ix":1,"mn":"ADBE Vector Group","hd":false},{"ty":"tm","s":{"a":0,"k":0,"ix":1},"e":{"a":1,"k":[{"i":{"x":[0.174],"y":[1]},"o":{"x":[0.513],"y":[0]},"t":0,"s":[0]},{"i":{"x":[0.174],"y":[1]},"o":{"x":[0.167],"y":[0]},"t":30,"s":[100]},{"i":{"x":[0.667],"y":[1]},"o":{"x":[0.167],"y":[0]},"t":101,"s":[100]},{"t":135,"s":[0]}],"ix":2},"o":{"a":0,"k":0,"ix":3},"m":1,"ix":2,"nm":"Trim Paths 1","mn":"ADBE Vector Filter - Trim","hd":false}],"ip":0,"op":170,"st":0,"bm":0}],"markers":[]}